{"frequency_matrix":[[1.0,0.0,0.0,0.25521,0.0,0.66667,0.0,0.0,0.74479,0.0],[1.0,0.33333,0.3964,0.0,0.16667,0.0,0.3964,0.18333,0.3125,0.18333],[1.0,1.0,1.0,0.0,0.0,0.0,1.0,0.0,0.0,0.0]],"objective":0.028094958873569525,"runtime":3.0,"usage_matrix":[[0.0,0.0,0.0,0.25521,0.0,0.66667,0.0,0.0,0.07813,0.0],[0.10777,0.33333,0.0,0.0,0.16667,0.0,0.06306,0.0,0.3125,0.01667],[0.0,1.0,0.0,0.0,0.0,0.0,0.0,0.0,0.0,0.0]]}